name,team,age,gp,wins,losses,min,ortg,drtg,netrtg,astp,ato,orbp,drbp,toratio,efg,tsp,usg,pace,pie
Jayson Tatum,BOS,20,19,11,8,35.9,105.9,102.2,3.7,13.1,1.27,13.1,1.7,12.6,7.1,10.3,51.5,57.8,23.6
Aron Baynes,BOS,31,19,11,8,20.5,103.5,106.4,-2.9,7.7,2.38,15.3,12.6,21.1,16.8,6.5,56.7,58.8,12.4
Terry Rozier,BOS,24,19,11,8,36.6,105.8,105.2,0.6,25.8,4.95,25.9,1.3,15.6,8.3,5.2,50.2,53.8,20.7
Al Horford,BOS,31,19,11,8,35.7,107.2,103,4.2,15.5,1.97,19,5.4,21.6,13.4,9.6,58.1,63.1,18.5
Marcus Morris,BOS,28,19,11,8,29.6,106.2,105,1.2,6.2,1.11,7.3,3.9,17.8,10.6,6.6,43.5,47.4,21.9
Jaylen Brown,BOS,21,18,10,8,32.4,106.2,105.5,0.7,8.2,1.13,7.7,3,14.4,8.5,6.8,54.9,56.3,24.5
LeBron James,CLE,33,18,12,6,41.3,109.3,106.4,2.9,45.1,2.14,21.8,3.7,23.2,13.7,10.2,58.2,61.9,36.2
Jeff Green,CLE,31,18,12,6,23.7,105.2,105.9,-0.7,9.1,1.6,13.9,1.4,11.4,6.6,8.7,51.8,55.9,16.4
Kyle Korver,CLE,37,18,12,6,24.4,109.8,104.2,5.6,5.7,1.33,10,1.1,11.3,6.2,7.5,64,66.4,15.3
JR Smith,CLE,32,18,12,6,32,111,106.9,4.1,5.1,1.25,10.6,1.3,8.5,5,8.4,47.6,49.8,13.9
Trevor Ariza,HOU,32,17,11,6,34.2,108.3,102.8,5.5,5.5,2.2,11.9,1.7,11,6.3,5.4,45.3,48.8,12.6
James Harden,HOU,28,17,11,6,36.5,108.8,104.3,4.6,35.6,1.78,18.6,2.5,13.9,8.2,10.4,47.8,54.8,36.7
PJ Tucker,HOU,33,17,11,6,33.5,109.6,103.4,6.2,5.5,1.57,14.5,4.7,18,11.3,9.2,64.4,65.1,10.3
Shaun Livingston,GSW,32,17,12,5,17.5,111.2,104.5,6.8,12.2,1.67,17.3,3.8,9.7,6.8,10.4,48.4,52.8,17.5
Gerald Green,HOU,32,17,11,6,16,106.4,111.3,-4.9,0.6,0.1,0.9,2.4,17.1,9.8,9.3,53.7,55.1,17.7
Clint Capela,HOU,24,17,11,6,30.6,107.4,105.3,2.1,6.9,1.47,10.7,12.8,29.8,21.1,7.3,66,64.2,15.7
Klay Thompson,GSW,28,17,12,5,38,109,99.7,9.3,8.2,1.31,9.4,1.9,10,6,7.2,55.7,57.3,22.8
Kevon Looney,GSW,22,17,12,5,20.5,108.7,96.2,12.4,7.3,2.25,18.3,11.4,12.9,12.2,8.1,52.3,52.4,10.1
Eric Gordon,HOU,29,17,11,6,32.3,106.1,107.5,-1.4,8.3,1.17,9.3,1.8,7,4.4,8,47.7,52.9,21.9
Draymond Green,GSW,28,17,12,5,38.4,110.6,98,12.6,27.9,2.36,36.3,6.6,25.6,16.4,15.4,47.2,51.8,16.5
Kevin Love,CLE,29,17,11,6,31,106.7,104.1,2.6,8.5,0.75,9.1,8.1,31.5,19.7,12.1,45.1,50.4,24.1
Kevin Durant,GSW,29,17,12,5,37.8,112,101.3,10.6,18.3,1.68,13.2,2,17.8,10.2,7.8,53.2,59.5,31.4
Jordan Clarkson,CLE,25,17,12,5,15.3,102.3,113,-10.7,7.2,1.09,8.8,3.5,9.7,6.5,8.1,35.9,37.3,22
Semi Ojeleye,BOS,23,17,10,7,13.5,101.1,107.3,-6.2,1.3,1,5,2,12.2,7.1,5,39.4,44.3,7.7
Nick Young,GSW,32,16,11,5,10.5,102.4,99.4,3,3.4,2,8.1,0.6,5.8,3.1,4,51.3,54,11.5
Larry Nance Jr.,CLE,25,16,10,6,14.9,103.3,104.4,-1.1,8.5,1.2,16.6,10.4,20.5,15.6,13.8,76.2,72.5,12.1
Chris Paul,HOU,33,15,11,4,34.5,107.7,103.8,3.9,29.9,3.11,22,1.9,17.9,9.6,7.1,53.1,56.5,26.7
Quinn Cook,GSW,25,15,10,5,11.4,109,97.1,12,9.5,2.2,12.6,1.3,13.5,7.4,5.7,50.8,55.3,19.1
Tristan Thompson,CLE,27,15,10,5,21.5,106.9,107.5,-0.6,5.2,1.1,12.3,12.9,19.3,16.1,11.2,62.1,66.4,11.2
George Hill,CLE,32,15,10,5,29.3,110.7,103,7.6,11,2.06,19.4,2.4,6.4,4.5,9.4,53.5,60.1,14.6
Marcus Smart,BOS,24,15,9,6,29.9,105.5,102.9,2.6,28.4,2.22,28.5,3.4,10.7,6.9,12.8,38.8,44.7,20.4
David West,GSW,37,14,10,4,10.5,110.7,111.7,-1.1,26.7,4,36.5,7.4,18,12.9,9.1,60,62.3,14.3
Jordan Bell,GSW,23,13,9,4,9.2,113.4,102.2,11.1,12,1.83,28.6,10,20.7,15.4,15.6,38.9,41.8,10
Andre Iguodala,GSW,34,13,10,3,27.4,112.8,99.2,13.6,14.4,3.08,28.6,3.2,15.6,9.7,9.3,55.5,59.1,12.5
Rodney Hood,CLE,25,13,7,6,15.6,98.3,117.8,-19.5,12.5,1.36,15.8,1.1,9.3,4.9,11.6,43.8,46.4,19
Guerschon Yabusele,BOS,22,12,6,6,4,99,110.8,-11.8,9.4,0,21.1,6.2,17,11.6,0,11.1,17.9,10.4
Greg Monroe,BOS,27,11,5,6,9.5,98.7,110.8,-12.1,8.6,0.36,7.5,14.6,23.9,19,21,50,55.6,25.7
Donovan Mitchell,UTA,21,11,5,6,37.4,100.8,102.4,-1.6,21.4,1.44,13.5,2.4,14.5,8.5,9.4,47.1,51.2,31.8
Abdel Nader,BOS,24,11,6,5,3,95.1,119.5,-24.5,18.8,1.5,13.8,3,6.5,4.7,9.2,33.3,35.8,25.7
Cedi Osman,CLE,23,11,5,6,4.8,104.7,102.3,2.5,8.6,0,16.9,2,11.9,6.5,0,34.6,33.9,12.6
Ryan Anderson,HOU,30,11,5,6,8.7,98.4,123,-24.7,9.4,2,20.7,4.2,11.7,7.5,10.3,47.5,47.5,10.8
Nene,HOU,35,11,8,3,9.8,110,99.5,10.5,7.5,0.63,13.2,6.2,20.4,13.7,21.1,60,62.4,13.9
Jae Crowder,UTA,27,11,5,6,29.4,98.8,107.3,-8.5,9.1,1.36,12.4,1.3,17.7,9.2,9.1,42.6,45.7,18.5
Stephen Curry,GSW,30,11,7,4,35.7,110.1,97.3,12.8,22.2,1.69,17.3,1.7,17.1,9.5,10.2,57.1,60.3,28.6
Shane Larkin,BOS,25,11,7,4,14,99.6,103.6,-4,21.5,3.33,31.6,0.7,8.5,4.4,9.5,51.4,55.1,12.8
Joe Ingles,UTA,30,11,5,6,34.8,105.3,101,4.3,15.1,1.42,19.3,1.4,12.1,6.8,13.6,61.6,62.3,18.1
Rudy Gobert,UTA,25,11,5,6,34.8,101.9,104,-2.1,4.5,0.52,7.8,12.1,20.8,16.5,14.8,65.5,66.2,15.1
Royce O'Neale,UTA,24,11,5,6,23.5,95.3,108.9,-13.6,9.4,0.94,15.7,1.2,15,7.9,16.8,58.9,60.6,13.7
Derrick Favors,UTA,26,11,5,6,26,110.5,103,7.6,6.7,1.3,12.3,7.7,14.6,11.1,9.5,63.2,61.8,14.3
Jose Calderon,CLE,36,10,5,5,9.7,94.6,90.3,4.3,14.9,1.4,20.1,1,7.7,4.2,14.3,40.9,43.7,13.3
Pascal Siakam,TOR,24,10,4,6,17.9,107.3,111,-3.7,7.2,1.14,12.3,6.1,19,12.4,10.8,64.6,66.3,14.9
Delon Wright,TOR,26,10,4,6,21.5,106.5,107.3,-0.7,17.8,2.56,21.5,1.6,10.8,6,8.4,52.2,57.3,18.1
OG Anunoby,TOR,20,10,4,6,23.8,115.1,115.9,-0.7,4,1.17,10,5,6.4,5.7,8.6,68.3,69.5,12
CJ Miles,TOR,31,10,4,6,22.7,105.9,111,-5.1,5.6,0.89,8.4,3,9.9,6.3,9.5,58.5,61.5,17.3
Ben Simmons,PHI,21,10,5,5,36.9,104.4,108.9,-4.5,34.5,1.75,28.4,4.5,24.7,14,16.2,48.8,54.1,22.1
Kyle Lowry,TOR,32,10,4,6,36.1,111.9,112.6,-0.7,35.6,2.74,34.3,0.7,14.6,7.4,12.5,62.7,65.9,20.2
JJ Redick,PHI,33,10,5,5,34.2,109.4,104.5,4.9,11.9,2.36,13.6,1,3.8,2.4,5.8,54.1,59.3,20.5
Robert Covington,PHI,27,10,5,5,28.1,102.4,105.2,-2.8,12.8,2.27,19.8,4,16.4,9.6,8.7,41.6,45,14.6
Dante Exum,UTA,22,10,5,5,11.4,107.9,116.8,-8.8,13.7,0.67,14,3.7,10.1,6.7,21,51.2,55.1,23.6
Dario Saric,PHI,24,10,5,5,32.8,105.4,110.7,-5.2,17.5,2.33,16.9,10.3,14.2,12.2,7.2,49.3,54.6,22.4
T.J. McConnell,PHI,26,10,5,5,15.5,107.3,95.7,11.5,22.5,3.83,34.2,4.5,12,8.6,8.9,72.2,72,12.4
Jonas Valanciunas,TOR,26,10,4,6,24.4,112.8,108.3,4.5,7.6,0.63,7.8,14.3,34.9,24.7,12.4,55.1,59.9,24.9
Jonas Jerebko,UTA,31,10,4,6,7.9,99.1,107.7,-8.5,5.7,3,12.6,5.5,17.6,11.3,4.2,44.7,47.8,11.8
Serge Ibaka,TOR,28,10,4,6,26,114.3,111.2,3.2,5.9,0.69,10.1,6.4,22.1,14.4,14.7,47.9,53.3,17
Ersan Ilyasova,PHI,31,10,5,5,23.3,105.8,98.4,7.4,8.6,1.3,11.2,11.8,21.9,17,8.6,48.2,49.9,18.5
Marco Belinelli,PHI,32,10,5,5,27.3,109.9,106.3,3.6,11,5,13.9,0.4,8,4.2,2.8,48.1,53.9,18.7
DeMar DeRozan,TOR,28,10,4,6,35.4,106.5,113.5,-7,20.2,1.74,14,2,10.8,6.2,8.1,46.2,51.1,30.7
Nikola Mirotic,NOP,27,9,5,4,35.5,107.3,104,3.3,6.1,1.5,11.1,3.1,23.7,13.9,7.4,58.8,61.2,16
Luc Mbah a Moute,HOU,31,9,5,4,16.6,93.1,115.9,-22.8,3.1,0.5,6.2,2.1,13.8,7.8,12.5,29.2,32,13.3
JaVale McGee,GSW,30,9,7,2,11.5,104,95.9,8.1,6.8,1,8.1,14.6,20,17.6,8.1,60.5,62.6,20.7
Ian Clark,NOP,27,9,5,4,21.1,102.1,109.1,-7,8.5,1.22,12.5,1.1,4.4,2.8,10.3,50,51.7,17.5
Alec Burks,UTA,26,9,4,5,13.4,108.8,107.2,1.6,23.6,2.13,17.8,1.8,21,11.1,8.4,53.9,58.1,28.8
Solomon Hill,NOP,27,9,5,4,12.7,108.7,112.2,-3.5,8,1.17,16.5,5.8,10.6,8.2,14.2,48,56.1,13.6
E'Twaun Moore,NOP,29,9,5,4,31.6,106.2,103.3,2.8,6.7,1.36,12.4,2.3,5.8,4.2,9.1,51.7,53.7,15.9
Jrue Holiday,NOP,27,9,5,4,38.7,106.6,104.1,2.5,24.8,2.48,21.7,2.7,11.9,7.5,8.7,56.5,58.1,25.1
Jakob Poeltl,TOR,22,9,4,5,15.5,105.7,115.2,-9.5,7.3,0.75,11.2,12.5,19.4,15.8,15,54.8,62.2,16
Rajon Rondo,NOP,32,9,5,4,33.6,107.5,105.8,1.7,46.2,3.33,45.6,3.2,19.6,11.6,13.7,45.7,47.4,18.4
Anthony Davis,NOP,25,9,5,4,39.8,105.3,104.9,0.4,6.9,0.65,5.6,7.2,26.8,17.4,8.5,53.4,58.4,30.1
Darius Miller,NOP,28,9,5,4,18,108.3,105.9,2.4,8.6,1.83,20.5,1.4,11.4,6.6,11.2,54.4,58.7,11.5
Raul Neto,UTA,26,8,3,5,9,104.7,102.5,2.2,17.9,2.5,25.5,2.9,12.1,7.4,10.2,34.8,41.7,16.8
Joel Embiid,PHI,24,8,4,4,34.8,105.6,99.9,5.7,14.7,0.83,11,9.2,29.1,19.5,13.3,46.4,51.9,29.7
Amir Johnson,PHI,31,8,4,4,11.7,115,108.5,6.5,13.6,3,25.6,14.1,12,13.2,8.5,52.4,56,11
Joe Johnson,HOU,36,8,5,3,6.7,84.9,118.2,-33.3,9.7,1,13,0,16.7,8.4,13,35.3,35.3,17.1
Justin Anderson,PHI,24,7,5,2,4.7,100.8,93.2,7.6,0,0,0,3.8,21.1,14.1,20,50,50,13.8
Trevor Booker,IND,30,7,3,4,9.1,109.6,106.8,2.8,0,0,0,9.4,27.7,18,7.1,60,68.8,11.1
Tony Snell,MIL,26,7,3,4,19.1,104,100.5,3.5,4,1.33,12.9,0.8,10.5,5.6,9.7,39.6,39.6,9.7
Jabari Parker,MIL,23,7,3,4,23.9,100.6,103.7,-3.1,9.8,1.67,11.9,5.8,21.3,14.3,7.2,50,51.7,20.9
Myles Turner,IND,22,7,3,4,28,104.2,95,9.2,3.4,0.36,5.2,3.9,16.4,10.7,14.2,66.7,69.8,17.6
Darren Collison,IND,30,7,3,4,30.6,102.2,99.5,2.7,24.1,3.67,28.6,0.6,10.1,5.6,7.8,51.5,53.9,17.7
Eric Bledsoe,MIL,28,7,3,4,32.1,112.8,104.7,8.1,17.3,1.73,19.4,1.7,11.2,6.8,11.2,48.2,51.2,23.9
Victor Oladipo,IND,26,7,3,4,37.2,107.9,100.2,7.6,26.6,1.75,19.9,1.5,23.5,13.3,11.4,50.8,54.8,30
Khris Middleton,MIL,26,7,3,4,39.3,111.3,107.7,3.6,13.8,1.38,13.9,0.5,15.4,8.2,10.1,71,71.9,24.3
Cory Joseph,IND,26,7,3,4,20.5,114.2,109.8,4.4,20.2,5.25,34.6,1.9,13.8,7.8,6.6,40.9,46.3,13.7
Cheick Diallo,NOP,21,7,4,3,6.9,87.6,110.7,-23.1,0,0,0,8.9,11.1,10,7.7,41.7,41.7,12.1
Bojan Bogdanovic,IND,29,7,3,4,34,107,103.2,3.8,8.2,1,11.7,0.5,11.5,6.2,11.7,50,50.9,19.4
Tyler Zeller,MIL,28,7,3,4,9.4,89.1,112.1,-23,7.5,3,27.9,3.4,17.9,11.1,9.3,80,81.4,6
Giannis Antetokounmpo,MIL,23,7,3,4,40,108.2,107.8,0.4,28.2,2.59,21.3,3.7,23.7,14.3,8.2,58.7,62,28.1
Lance Stephenson,IND,27,7,3,4,21.3,109.3,109.8,-0.5,21.3,2.22,20.4,2.5,13.8,8.1,9.2,52.3,52.9,24.9
Domantas Sabonis,IND,22,7,3,4,23.7,110.1,107.8,2.3,4.9,0.71,6.1,10.4,13.8,12.1,8.5,58.9,62.2,21.8
Aaron Jackson,HOU,32,7,5,2,2.4,91.9,114.6,-22.7,20,1,22.5,11.1,11.8,11.4,22.5,50,51.2,18.3
Tarik Black,HOU,26,7,5,2,2.7,92.5,131.6,-39.1,15.4,2,28.6,11.8,22.2,17.1,14.3,25,25,12
Malcolm Brogdon,MIL,25,7,3,4,26.6,105.5,111.2,-5.7,14.2,1.42,19.2,2.2,12.1,7.8,13.6,48.2,51.3,18.6
Thaddeus Young,IND,29,7,3,4,33.8,105.9,104.7,1.2,6.5,1.43,12.1,12.1,15.4,13.8,8.5,61.7,60.1,14.4
Ricky Rubio,UTA,27,6,4,2,30.1,104.1,95,9,36.5,2.33,28.2,2.8,22,12.4,12.1,41.8,47.1,25.3
Jerami Grant,OKC,24,6,2,4,22.1,106.6,97.7,8.9,6.7,1,11.6,6.3,9,7.6,11.6,54.3,54,15
Matthew Dellavedova,MIL,27,6,3,3,12.9,97.7,98.7,-1.1,28.6,2.67,45.9,1.5,5.6,3.6,17.2,41.7,46.6,11.3
Markieff Morris,WAS,28,6,2,4,30.2,104.8,112.8,-8,8.1,1.67,14.4,8.7,20.9,14.6,8.6,51,55.2,14.5
Fred VanVleet,TOR,24,6,2,4,19.1,122.9,118.3,4.5,15.7,3.25,21.8,0,10.9,5.3,6.7,43.6,48.2,19.3
Patrick Patterson,OKC,29,6,2,4,9.6,91.4,110.1,-18.7,8.1,1,25,1.8,18.5,10,25,66.7,66.7,7.1
Kelly Oubre Jr.,WAS,22,6,2,4,24.7,107,105.4,1.6,3.9,0.8,6.2,0.8,16.9,9.2,7.7,41.7,50.1,18
Russell Westbrook,OKC,29,6,2,4,39.2,96.9,105.1,-8.2,39.1,1.45,17.7,4.8,27.1,15.9,12.2,44.4,49.3,38.2
Raymond Felton,OKC,33,6,2,4,13.1,104.5,107.5,-3,20.5,1.8,19.6,2.6,13.4,8.1,10.9,50,48.6,20.7
Carmelo Anthony,OKC,33,6,2,4,32.3,95.5,109.7,-14.3,1.7,0.33,2.3,1.7,17.2,9.4,6.9,41.7,45.2,19.2
Corey Brewer,OKC,32,6,2,4,25.2,99.3,111.9,-12.6,4.7,2.5,14.4,3,6.6,4.8,5.8,62,66.9,8.6
Paul George,OKC,28,6,2,4,41.9,100.9,105.8,-4.9,11.1,0.67,9.1,1.7,13.4,7.6,13.6,48.8,54.5,28.2
Tomas Satoransky,WAS,26,6,2,4,10,96.6,103.8,-7.2,7,1,14.5,9.1,7.1,8.1,14.5,15.4,23.7,12.8
John Wall,WAS,27,6,2,4,39.1,107.9,111,-3.1,49.6,2.56,28.3,1.6,16.1,8.9,11.1,45.7,52.8,33.1
Ekpe Udoh,UTA,31,6,2,4,3.5,102.3,122.2,-19.8,0,0,0,4.3,10,7,26.6,100,36.2,7.3
Bradley Beal,WAS,24,6,2,4,35.9,102.8,114.4,-11.6,13.7,1.13,11.3,1.1,10.2,5.5,10,55.1,58.8,27.2
Alex Abrines,OKC,24,6,2,4,18.3,107.9,99.4,8.5,2.4,2,8.4,3.2,11.6,7.7,4.2,55,57.5,8.9
Norman Powell,TOR,25,6,3,3,6.7,114,116.4,-2.4,8.3,2,10.7,0,6.3,3.1,5.3,32.1,38.1,21.6
Thon Maker,MIL,21,6,3,3,21.6,115.1,98.9,16.3,5.2,1.25,12.5,6.2,15.9,11.3,10,50,53.1,13.2
Marcin Gortat,WAS,34,6,2,4,26.6,111.8,114.9,-3,5.2,1,10.3,10.4,20.3,15.3,10.3,55.8,56.4,14.5
Steven Adams,OKC,24,6,2,4,33.4,101.9,107,-5.2,6.9,2.25,13.9,10.3,13.3,11.8,6.2,58.7,60.9,12
Mike Scott,WAS,29,6,2,4,21,115.3,105.4,9.9,4.4,0.8,7.6,6.1,13.3,10,9.5,72,74.5,16.6
Ian Mahinmi,WAS,31,6,2,4,8.7,106.7,103.5,3.1,3.2,1,4.8,8.3,15.6,11.8,4.8,71.4,79.6,16.3
Patty Mills,SAS,29,5,1,4,33,100.2,111.8,-11.7,14.3,1.44,16,1.2,6.1,3.4,11.1,55.3,56.6,18.9
Lucas Nogueira,TOR,25,5,2,3,4.8,89.4,137.3,-48,6.3,0.33,17,0,6.7,2.9,51,0,26.6,10.2
Andrew Wiggins,MIN,23,5,1,4,32.8,102.1,117.5,-15.4,10.6,1.11,10.4,3.3,13.2,8.4,9.4,49.3,51.4,23.6
LaMarcus Aldridge,SAS,32,5,1,4,35.3,99.8,112.2,-12.4,13.3,1.33,10,7.4,24.3,14.7,7.5,48.1,59.9,27.7
Kyle Anderson,SAS,24,5,1,4,14.7,100.5,108.2,-7.7,6.7,1,10.8,8.1,11.8,10,10.8,60,62,16
Kelly Olynyk,MIA,27,5,1,4,29.2,108.7,109.3,-0.6,20.7,2.38,23.8,5.1,11.9,8.5,10,56.8,60.6,18.3
Karl-Anthony Towns,MIN,22,5,1,4,33.9,107.7,120.5,-12.8,9.9,0.92,11.8,10.7,34.4,23,12.9,49.2,54.2,21.9
Ante Zizic,CLE,21,5,2,3,3.5,87.2,74.3,12.9,10,0.5,7.9,0,26.3,12.8,15.8,28.6,36.3,30.3
Justise Winslow,MIA,22,5,1,4,25,106,107.4,-1.4,16.7,1.63,18.4,6.1,21.3,13.9,11.4,44,49.5,20
Josh Richardson,MIA,24,5,1,4,25.9,104.5,120,-15.5,15.6,2.8,22.6,3.2,9.2,6.1,8.1,45,48.7,16
Bam Adebayo,MIA,20,5,1,4,15.4,100.9,111.9,-11,0,0,0,11.8,14.9,13.3,8.6,46.7,40.2,13
Tony Parker,SAS,36,5,1,4,13.3,84.8,110.8,-26,18.8,1.5,12,0,6.9,3.3,8,37.8,41.2,30.2
Nemanja Bjelica,MIN,30,5,1,4,9.4,92.4,103.8,-11.4,11.1,3,13,7.3,20.4,13.8,4.3,56.3,60.3,18.3
Jeff Teague,MIN,29,5,1,4,30.6,105.4,120.2,-14.8,29.9,2.07,28.6,2.1,11.3,6.5,13.8,52,55.6,21.6
James Johnson,MIA,31,5,1,4,32.1,100.3,109.8,-9.6,23.3,2.4,29.2,2,18.4,10,12.2,63.1,64.4,15.7
Jamal Crawford,MIN,38,5,1,4,24.6,108.3,112.5,-4.2,14.8,2.4,17.2,0.9,10.3,5.8,7.2,52.1,56,21.2
Hassan Whiteside,MIA,28,5,1,4,15.4,90.8,106,-15.3,2.1,0.08,2.6,13,27.8,20.1,31,45,50.5,20.7
Gorgui Dieng,MIN,28,5,1,4,14.1,98.7,95.8,2.9,8.9,4,16.2,4.1,19.5,11.9,4,38.9,43,13.8
Otto Porter Jr.,WAS,24,5,2,3,31.6,105.4,109.8,-4.4,7.1,2.67,14.4,0.7,18.9,9.5,5.4,54.9,56.2,13.3
Goran Dragic,MIA,32,5,1,4,31.3,104.7,110.8,-6.2,24.7,1.53,18.7,2.1,6.9,4.5,12.2,52,54.9,27.8
Ty Lawson,WAS,30,5,2,3,19.3,105.9,107.5,-1.6,23.4,5,32.2,2.4,12.1,7.5,6.4,44.2,50.6,14.7
Zaza Pachulia,GSW,34,5,3,2,4,114.5,71.5,43,7.1,0.5,10.4,26.3,17.4,21.4,20.7,75,67.8,17.3
Taj Gibson,MIN,32,5,1,4,24.6,98,109.7,-11.8,2.6,0.5,6.8,6.7,10.6,8.8,13.6,63.6,66.5,10.6
Tyler Johnson,MIA,26,5,1,4,16.2,105.5,111.9,-6.4,7.7,2,11.4,1.4,9.6,5.5,5.7,65.4,68.8,16.8
Manu Ginobili,SAS,40,5,1,4,21.3,106.3,110.7,-4.4,24.2,2.29,24.7,1,15.9,7.9,10.8,48.6,53.8,19.6
Pau Gasol,SAS,37,5,1,4,18.1,101.9,115.3,-13.5,24.1,2.33,31.5,2.5,29.7,15.7,13.5,52.5,61.5,15.5
Wayne Ellington,MIA,30,5,1,4,20.1,92.1,112.6,-20.5,5.7,1,7.1,0.9,7.7,4,7.1,51.4,53.7,16.4
Dwyane Wade,MIA,36,5,1,4,25.5,101.9,99.8,2.1,28.6,1.64,16.3,2.3,15,8.4,10,44.3,51,30.2
Derrick Rose,MIN,29,5,1,4,23.8,114,116.3,-2.3,17.1,1.63,16,1,7.5,4.3,9.9,57,59.1,25.6
Dejounte Murray,SAS,21,5,1,4,19.2,100.8,109.5,-8.7,18,1.8,18.4,4.1,20.2,11.6,10.2,51.6,55.8,20.2
Davis Bertans,SAS,25,5,1,4,16.5,105.5,107.6,-2.2,9.5,6,20.1,1.4,14.5,7.8,3.4,25,37.2,12.5
Rudy Gay,SAS,31,5,1,4,31.9,100.6,108.2,-7.6,13.1,1.83,12.8,5.8,14.3,9.7,7,43.1,44.2,21.6
Danny Green,SAS,30,5,1,4,20.6,91.3,116.6,-25.3,1.6,0.5,3,4.1,9.1,6.3,6.1,35,35,14.7
Jimmy Butler,MIN,28,5,1,4,34.1,110.5,112.4,-1.9,18,4,20.9,2.2,17.1,10.1,5.2,50.8,55.7,20.6
Damian Lillard,POR,27,4,0,4,40.6,105.1,119.1,-14,16.5,1.19,16.7,1.8,11.2,6.1,14.1,41.5,47.1,24.8
Damian Jones,GSW,22,4,4,0,2.7,65,137.8,-72.8,0,0,0,7.1,28.6,14.3,47.5,50,60.2,23.3
Tyus Jones,MIN,22,4,1,3,13.7,99.8,97.2,2.6,20.5,8,50,0,15.5,8.4,6.3,28.6,28.6,6.8
Wade Baldwin IV,POR,22,4,0,4,4.8,100.4,89.6,10.7,18.8,1,27.6,0,20,10,27.6,37.5,41,18
Ed Davis,POR,28,4,0,4,17.7,106.8,110.2,-3.4,0,0,0,8.5,46.6,27.4,25.4,50,46.8,10.2
CJ McCollum,POR,26,4,0,4,38.9,108.1,119.6,-11.5,14.3,1.56,13.2,0,6.3,2.8,8.5,59.1,61,24.9
Bryn Forbes,SAS,24,4,0,4,13.5,99,111,-12,6.3,0,9.1,2.1,4.3,3.2,0,35.3,42.3,17.3
Rodney McGruder,MIA,26,4,1,3,4,65.2,81.2,-16,0,0,0,0,25,12.1,0,25,25,10.9
Shabazz Muhammad,MIL,25,4,1,3,7.2,111.7,99.6,12.2,0,0,0,0,15.4,7.7,8.3,55,56.3,40.1
Pat Connaughton,POR,25,4,0,4,14.8,89.5,112.5,-23.1,15.4,6,26.2,3.5,3.9,3.7,4.4,46.7,50.4,12.6
Josh Huestis,OKC,26,4,1,3,4.8,89.7,105.9,-16.2,0,0,0,0,18.8,8.3,0,50,52.1,5.7
Jusuf Nurkic,POR,23,4,0,4,23.4,106.1,118.8,-12.7,6.3,1.33,7.9,12.4,25.6,18.3,5.9,48.7,53.6,20.5
Lorenzo Brown,TOR,27,4,1,3,7.2,91.8,117.9,-26.1,14.3,2,14.4,3.7,20.8,11.8,7.2,40,41.4,20.3
Al-Farouq Aminu,POR,27,4,0,4,32.7,101.9,118.3,-16.3,6.2,0.83,7.8,8.7,22,14.6,9.4,64.4,65.2,18.8
Zach Collins,POR,20,4,0,4,17.4,96.8,116.8,-20,13.3,3,15.1,4.4,16.7,9.8,5,41.7,44.1,21.9
Markelle Fultz,PHI,20,3,2,1,7.6,113.9,110.4,3.6,26.3,5,33.9,0,13,6.2,6.8,14.3,28.5,17.3
Zhou Qi,HOU,22,3,2,1,1.9,91.9,112.6,-20.7,0,0,0,0,20,9.1,0,100,100,7.8
Evan Turner,POR,29,3,0,3,28.9,107.3,117.6,-10.3,15.2,1.67,20,5.2,9.9,7.1,12,39.4,41.3,18.7
Terrance Ferguson,OKC,20,3,1,2,2.1,180.2,114.8,65.3,11.1,0,50,33.3,0,14.3,0,150,150,7
Jason Terry,MIL,40,3,0,3,14.6,109.8,116.3,-6.5,6.1,2,25,4,2.4,3,12.5,60,60,6.3
Richaun Holmes,PHI,24,3,1,2,3.6,86.2,122.3,-36.1,14.3,0,50,0,11.1,4.8,0,0,0,3.8
Derrick White,SAS,23,3,0,3,6.1,123.6,121,2.6,7.7,0,14.3,0,0,0,0,58.3,58.3,15.4
Sterling Brown,MIL,23,3,1,2,4.2,147.3,139.1,8.2,0,0,0,7.7,10,8.7,0,70,70,19.2
DeAndre Liggins,NOP,30,3,2,1,4.5,52.8,121.3,-68.5,0,0,0,0,8.3,3.7,51.5,0,26.6,12
Shabazz Napier,POR,26,2,0,2,17.5,94.3,90.9,3.4,14.3,0.5,14.4,0,6.3,3.1,28.7,45.5,46.3,21.7
Aaron Brooks,MIN,33,2,1,1,1.3,82,82,0,0,0,0,0,0,0,0,66.7,51.5,56.4
Patrick McCaw,GSW,22,2,2,0,2.7,137.5,91.1,46.4,0,0,0,0,40,25,0,50,50,20
Meyers Leonard,POR,26,2,0,2,4.1,126.7,74.6,52.1,0,0,0,0,50,30.8,0,100,100,19.5
Maurice Harkless,POR,25,2,0,2,26.6,108.1,118.8,-10.6,10.3,4,22.2,7,12.2,9.5,5.6,61.5,61.5,12
Marcus Georges-Hunt,MIN,24,2,0,2,1.4,68,101.7,-33.7,0,0,0,25,0,16.7,0,0,0,14.5
Luke Babbitt,MIA,28,2,0,2,1.7,62.1,145.3,-83.2,0,0,0,0,0,0,0,0,0,15.5
Jordan Crawford,NOP,29,2,1,1,7.7,88.2,107.9,-19.7,25,0.33,5.9,0,26.7,13.8,17.6,73.1,73.1,47.2
Tim Frazier,WAS,27,2,1,1,3,93.2,121.8,-28.6,60,0,75,0,20,10,0,0,0,7.2
John Henson,MIL,27,2,0,2,37.1,108.2,105.2,3,9.1,1.25,21.9,7.8,10.8,9.6,17.5,69.2,68.4,11.8
Dakari Johnson,OKC,22,2,0,2,1.6,200,80,120,0,0,0,0,0,0,0,0,0,0
David Stockton,UTA,26,2,1,1,2.9,129.9,118.2,11.7,0,0,0,0,16.7,9.1,0,33.3,33.3,22.5
Glenn Robinson III,IND,24,2,1,1,2.8,114.8,102,12.8,0,0,0,0,33.3,16.7,0,100,100,8.8
Joffrey Lauvergne,SAS,26,1,0,1,5.9,110.5,85,25.5,0,0,0,0,14.3,7.1,0,100,100,7.8
TJ Leaf,IND,21,1,1,0,3.7,174.1,76.1,97.9,0,0,0,0,0,0,0,0,0,0
Jake Layman,POR,24,1,0,1,7.9,124.2,67.1,57.1,16.7,0,25,0,12.5,8.3,0,100,100,16.2
Joe Young,IND,25,1,1,0,2.7,154.6,58.1,96.5,0,0,0,0,0,0,0,0,0,0
Furkan Korkmaz,PHI,20,1,1,0,1.6,233.3,116.3,117.1,0,0,0,0,0,0,0,150,150,33.3
Emeka Okafor,NOP,35,1,1,0,3.6,44.4,124.5,-80,0,0,0,0,0,0,0,0,0,11.1
Jason Smith,WAS,32,1,1,0,2.2,80,112.6,-32.6,0,0,0,0,0,0,0,0,0,0
Tony Bradley,UTA,20,1,0,1,1.9,135.1,133.3,1.8,0,0,0,50,0,33.3,0,50,50,36.8
Chinanu Onuaku,HOU,21,1,1,0,3.2,66.7,119,-52.4,50,0,100,20,0,12.5,0,0,0,0
Caleb Swanigan,POR,21,1,0,1,7.9,124.2,67.1,57.1,11.1,1,17.4,0,25,16.7,17.4,0,39.9,25.7
Brandon Paul,SAS,27,1,0,1,2.5,174.4,108.7,65.7,25,0,100,0,33.3,25,0,0,0,0
Brandon Jennings,MIL,28,1,1,0,4.9,159.9,146.3,13.5,0,0,0,0,0,0,25.8,0,34.7,49.2
Jerryd Bayless,PHI,29,1,0,1,1.7,79.8,69.4,10.3,0,0,0,0,0,0,0,0,0,0
